Region	Localizer	Contrast	Value	SEM
Inside	Multitask	Intact>Degraded	0.007025953621027064	0.008809493618664095
Outside	Multitask	Intact>Degraded	-0.016458972926872945	0.007611720468643492
Inside	Multitask	n-back>Rest	-0.031607648303575354	0.013739478255104168
Outside	Multitask	n-back>Rest	0.04282762684812255	0.013228079003081178
Inside	Single-task	Intact>Degraded	0.009369407617803135	0.012821296962239548
Outside	Single-task	Intact>Degraded	-0.016530863885061198	0.00734936831101406
Inside	Single-task	n-back>Rest	0.0455772383990393	0.0194114416324122
Outside	Single-task	n-back>Rest	0.034729075534415205	0.013446791906599167
