threshold	corr	regiona_idx	regionb_idx	single_combination
0.1	0.0830384502209363	2	3	[19, 4]
0.2	0.14368046349285357	2	3	[19, 4]
0.3	0.1794198555825953	2	3	[19, 4]
0.4	0.22220573842718525	2	3	[19, 4]
0.5	0.25112412291394204	2	3	[19, 4]
0.6	0.27128805993674715	2	3	[19, 4]
0.7	0.28825644557910945	2	3	[19, 4]
0.8	0.25315498109346135	2	3	[19, 4]
0.9	0.21204797734864012	2	3	[19, 4]
0.95	0.24270751883985836	2	3	[19, 4]
0.99	0.2497100604360827	2	3	[19, 4]
