threshold	corr	regiona_idx	regionb_idx	single_combination
0.1	0.24960469750014944	2	3	[19, 28]
0.2	0.29691758883253944	2	3	[19, 28]
0.3	0.34875816213432165	2	3	[19, 28]
0.4	0.4011595634907493	2	3	[19, 28]
0.5	0.447537213681505	2	3	[19, 28]
0.6	0.4846290144312265	2	3	[19, 28]
0.7	0.5145978874141461	2	3	[19, 28]
0.8	0.5320931946452416	2	3	[19, 28]
0.9	0.5352119513168332	2	3	[19, 28]
0.95	0.5158949547132574	2	3	[19, 28]
0.99	0.4671415587540396	2	3	[19, 28]
